{
    "GM000001153": {
        "max_avg": {
            "1": 62.61290322580645,
            "2": 67.46428571428571,
            "3": 123.30645161290323,
            "4": 132.5,
            "5": 169.69354838709677,
            "6": 182.81666666666666,
            "7": 231.9516129032258,
            "8": 242.16129032258064,
            "9": 182.03333333333333,
            "10": 150.0,
            "11": 82.03333333333333,
            "12": 52.79032258064516
        }
    },
    "GM000001474": {
        "max_avg": {
            "1": 48.90909090909091,
            "2": 58.19935691318328,
            "3": 94.52199413489735,
            "4": 136.07272727272726,
            "5": 181.85630498533723,
            "6": 202.43636363636364,
            "7": 229.06451612903226,
            "8": 231.27272727272728,
            "9": 183.85454545454544,
            "10": 134.90615835777126,
            "11": 77.35151515151514,
            "12": 47.34604105571847
        }
    },
    "GM000002277": {
        "max_avg": {
            "1": 56.2652329749104,
            "2": 70.75984251968504,
            "3": 117.74193548387096,
            "4": 150.35925925925926,
            "5": 204.05241935483872,
            "6": 220.62222222222223,
            "7": 251.24014336917563,
            "8": 254.39068100358423,
            "9": 194.14814814814815,
            "10": 142.85663082437276,
            "11": 83.04814814814814,
            "12": 51.72043010752688
        }
    },
    "GM000002288": {
        "max_avg": {
            "1": 55.30414746543779,
            "2": 56.55029585798817,
            "3": 117.36559139784946,
            "4": 145.1611111111111,
            "5": 199.59139784946237,
            "6": 217.70555555555555,
            "7": 250.2516129032258,
            "8": 257.8451612903226,
            "9": 199.76666666666668,
            "10": 131.16666666666666,
            "11": 67.44444444444444,
            "12": 47.90860215053763
        }
    },
    "GM000002698": {
        "max_avg": {
            "1": 53.37243401759531,
            "2": 78.59163987138264,
            "3": 124.9208211143695,
            "4": 163.92424242424244,
            "5": 213.14076246334312,
            "6": 235.6,
            "7": 264.5366568914956,
            "8": 274.3900293255132,
            "9": 214.64545454545456,
            "10": 153.83870967741936,
            "11": 87.77878787878788,
            "12": 54.6158357771261
        }
    }
}